"","new_id","genotype","tray_garden","tray_garden_position","up_Fp","int","02int1.2","DW2p","p8p","F3_genotype","nr","flowering_time","plant_height","stem_height","inflorescence_height","shoot_number","leaves_distance_cm","stem_leaf_density","rd_cm","exp","DNA_nguL_1","nr_recom"
"1","1.6.2.1","170","B1",12,"S","S","S","S","S","S",47,220,167.3,46.4,120.9,4,1.5,30.9333333333333,NA,"1",8.05,0
"2","1.7.18.1","170","C2",12,"S","S","S","S","S","S",94,220,148,70,78,1,2,35,19.2656679868564,"1",16.2,0
"3","1.8.13.2","170","G3",11,"S","S","S","S","S","S",243,220,104,39,65,6,2.5,15.6,15.3961751945124,"1",4.78,0
"4","1.12.6.2","170","H1",11,"S","H","H","H","H","H",255,223,108,48,60,2,1.5,32,14.9361069836553,"1",37.6,1
"5","1.6.5.1","170","B1",6,"S","H","H","H","H","H",41,224,140.7,47.5,93.2,4,2,23.75,NA,"1",8.43,1
"6","1.1.19.2","170","E3",2,"S","H","H","N","H","H",165,224,117,55,62,4,1.5,36.6666666666667,13.3128142312296,"1",20.3,3
"7","1.4.4.2","170","F2",5,"S","H","H","H","H","H",192,224,107,52,55,4,1.5,34.6666666666667,14.1403550602566,"1",22.4,1
"8","1.10.19.2","170","G1",12,"H","H",NA,"N","N","H",222,224,123,57,66,1,2,28.5,13.6097742069539,"1",23,1
"9","1.11.18.2","170","H2",10,"S","N","N","N","N","H",265,224,130,68,62,5,2,34,17.3465956627402,"1",17.4,1
"10","1.3.15.2","170","F3",11,"S","N","N","N","N","H",209,226,119,89,30,5,2,44.5,15.9361605107159,"1",14.3,1
"11","1.4.3.2","170","F3",1,"H","H","H","H","H","HH",200,226,129,77,52,1,2.2,35,17.0275947069739,"1",31.7,0
"12","1.12.9.2","170","H1",12,"S","H","H","H","H","H",256,227,125,59,66,2,2,29.5,8.5533905950689,"1",32.8,1
"13","1.3.19.1","170","A1",1,"S","S","S","S","S","S",1,227,108,48,60,3,3,16,21.4809014322668,"1",14.8,0
"14","1.4.4.1","170","B3",11,"S","S","S","S","S","S",70,227,139.2,37,102.2,1,1.5,24.6666666666667,NA,"1",21.4,0
"15","1.6.3.2","170","F1",2,"S","H","H","N","H","H",177,228,110,67,43,3,1.4,47.8571428571429,11.3702630555916,"1",27.8,3
"16","1.11.20.1","170","D1",3,"H","H","H","H","H","HH",108,228,160,78,82,3,2,39,20.5924038843462,"1",7.51,0
"17","1.2.19.1","170","A3",1,"S","N","N","S","N","H",24,231,114.4,72.2,42.2,1,2,36.1,15.1478504033244,"1",18.9,3
"18","1.3.17.1","170","A1",7,"H","H","H","H","H","HH",7,231,134,58,76,1,3,19.3333333333333,21.6679704241395,"1",34.4,0
"19","1.8.1.1","170","C3",1,"H","N","N","N","N","H",95,234,118,57,61,2,2,28.5,21.677547089302,"1",13.1,1
"20","1.9.11.1","170","C1",1,"H","H","H","H","H","HH",71,234,139,78,61,2,2,39,20.5185177517855,"1",21.4,0
"21","2.7.1.1","173","C3",9,"S","S","S","S","S","S",103,227,110,39,71,3,1,39,16.5340423529412,"1",7.75,0
"22","2.13.1.1","173","D2",9,"S","S","S","S","S","S",126,234,38,21,17,1,2,10.5,10.3200668392434,"1",9.3,0
"23","2.11.11.1","173","D2",11,"N","N","N","N","N","N",128,238,41,22,19,1,2.5,8.8,12.9985880840226,"1",11.4,0
"24","2.3.5.1","173","A1",8,"N","N","N","N","N","N",8,242,70,38,32,2,3,12.6666666666667,21.2278496292464,"1",20.7,0
"25","3.4.6.2","263","F2",2,"H","H","H","N","N","H",189,227,76,44,32,9,2,22,19.1363799628943,"1",20.7,1
"26","3.2.13.1","263","A3",3,"N","N","N","N","N","N",26,230,142.2,69.7,72.5,1,0.8,87.125,16.903733153103,"1",13,0
"27","3.2.20.1","263","A3",5,"N","N","N","N","N","N",28,231,113,60,53,4,2,30,15.3458315299991,"1",20,0
"28","3.10.10.1","263","D3",6,"H","H","H","H","H","HH",135,232,135,76,59,6,2,38,20.9248213333333,"1",4.67,0
"29","3.8.6.1","263","C2",3,"N","N","N","N","N","N",85,232,112,44,68,2,1.8,24.4444444444444,8.30667632750233,"1",12.4,0
"30","3.9.5.1","263","C1",3,"N","N","N","N","H","H",73,234,117,69,48,3,1.7,40.5882352941176,25.1797122451092,"1",22,1
"31","3.3.11.2","263","F3",9,"H","H","H","H","H","HH",208,234,112,63,49,2,2,31.5,15.2179134566923,"1",9.64,0
"32","3.12.14.1","263","D1",5,"N","N","N","N","N","N",110,234,142,68,74,2,1,68,24.2798116894187,"1",11.4,0
"33","3.4.2.1","263","B3",6,"N","N","N","N","N","N",65,242,109.8,59,50.8,7,2,29.5,NA,"1",15.8,0
"34","4.8.5.2","460","G3",2,"S","S","S","S","S","S",235,217,71.5,30,41.5,7,2,15,15.4490754098361,"1",19.9,0
"35","4.13.12.1","460","E1",12,"S","S","S","S","S","S",152,220,90,47,43,6,3,15.6666666666667,16.8599705366538,"1",16.2,0
"36","4.2.10.2","460","E2",8,"S","S","S","S","S","S",160,220,84,36,48,6,2,18,15.1895660927623,"1",18.9,0
"37","4.5.6.2","460","F2",6,"H","S","S","S","S","H",193,222,82,35,47,3,2,17.5,13.5132679746367,"1",12.1,1
"38","4.8.2.1","460","C3",4,"H","H","H","H","H","HH",98,222,38,21,17,1,2,10.5,16.0878756476684,"1",7.67,0
"39","4.2.18.2","460","E1",5,"S","S","S","S","S","S",145,222,90,43,47,7,3,14.3333333333333,16.7280645387583,"1",10.2,0
"40","4.9.18.2","460","G1",5,"S","S","S","S","S","S",215,222,97,50,47,5,2,25,19.1853777503819,"1",16.2,0
"41","4.6.6.1","460","B1",5,"H","S","S","S","S","H",40,223,105,41.4,63.6,3,2,20.7,NA,"1",10.8,1
"42","4.6.21.2","460","F1",7,"N","N","N","N","N","N",182,223,83,49,34,9,NA,NA,14.4747524752475,"1",21.6,0
"43","4.5.5.1","460","B2",9,"S","S","S","S","S","S",56,223,93,39,54,6,2,19.5,NA,"1",20.5,0
"44","4.2.12.2","460","E2",3,"S","H","H","H","H","H",155,224,146,72,74,2,2,36,15.1113323975741,"1",11.1,1
"45","4.1.20.2","460","E3",10,"N","N","N","N","N","N",173,224,100,42,58,4,2.5,16.8,14.7968040978815,"1",22.7,0
"46","4.12.18.2","460","H1",6,"N","N","N","N","N","N",250,224,82,38,44,6,3,12.6666666666667,19.9292333435147,"1",11.5,0
"47","4.3.9.1","460","A1",6,"H","H","H","H","H","HH",6,225,98,45,53,6,2,22.5,20.4185408984729,"1",28.7,0
"48","4.9.20.1","460","C1",7,"H","H","H","H","H","HH",77,225,113,55,58,5,2.8,19.6428571428571,16.5421516985374,"1",15.2,0
"49","4.9.13.2","460","G2",6,"H","H","H","H","H","HH",228,226,105,51,54,3,2,25.5,13.6189278293392,"1",21.4,0
"50","4.13.4.1","460","E2",9,"N","N","N","N","N","N",161,226,73,30,43,8,1,30,14.8906897215355,"1",16.7,0
"51","4.2.7.2","460","E1",2,"N","N","H","H","H","H",142,227,106,50,56,5,1.7,29.4117647058824,17.8743626797615,"1",12.9,1
"52","4.8.18.2","460","G3",7,"H","N","N","N","N","H",239,227,97,47,50,5,2.5,18.8,18.9511985844826,"1",2.89,1
"53","4.13.16.2","460","H1",1,"H","H","H","H","H","HH",245,227,117.5,59,58.5,6,3,19.6666666666667,18.2942989556942,"1",4.81,0
"54","4.7.16.1","460","C2",9,"H","H","H","H","H","HH",91,228,126,57,69,2,2,28.5,14.6987143767413,"1",11.6,0
"55","4.12.2.2","460","H2",1,"H","H","H","H","H","HH",257,228,49,23,26,2,2,11.5,6.23150074294205,"1",45.4,0
"56","4.11.16.1","460","D2",1,"H","H","H","H","N","H",118,229,115,38,77,4,2.5,15.2,13.0458734430744,"1",7.59,1
"57","4.9.18.1","460","C1",4,"H","H","H","H","H","HH",74,229,115,76,39,3,2.8,27.1428571428571,15.9172049616375,"1",19,0
"58","4.3.16.1","460","A1",10,"N","N","N","N","N","N",10,230,132,42,90,2,2,21,18.2782587069436,"1",17.7,0
"59","5.12.2.1","523","D1",6,"S","S","S","S","H","H",111,220,81,28,53,2,2.7,10.3703703703704,14.0019694927279,"1",21,1
"60","5.12.5.1","523","D1",12,"S","S","S","S","S","S",117,222,90,32,58,4,2,16,12.1156362270764,"1",20.7,0
"61","5.4.10.2","523","F2",4,"S","S","S","S","S","S",191,222,45,43,2,3,3,14.3333333333333,7.82157590759076,"1",9.8,0
"62","5.5.10.1","523","B2",10,"S","S","S","S","S","S",57,224,91.5,37,54.5,5,2,18.5,NA,"1",11.7,0
"63","5.11.15.1","523","D2",2,"S","S","S","S","S","S",119,224,91,41,50,6,2,20.5,11.7135714550647,"1",12.7,0
"64","5.4.5.1","523","B3",8,"S","S","S","S","S","S",67,227,87,37,50,6,1.8,20.5555555555556,NA,"1",11.3,0
"65","5.8.10.1","523","C2",1,"S","S","S","S","S","S",83,227,88,34,54,5,2,17,14.6474993440698,"1",14.3,0
"66","5.10.13.1","523","D3",9,"S","S","S","S","S","S",138,227,85,39,46,6,1,39,13.0794996353228,"1",8.69,0
"67","5.13.16.1","523","E1",10,"S","S","S","S","S","S",150,227,104,51,53,6,2,25.5,12.5369325941994,"1",7.5,0
"68","5.4.13.1","523","B3",2,"S","S","S","S","S","S",61,228,86,36,50,4,2,18,NA,"1",12.8,0
"69","5.10.10.2","523","G1",4,"H","H","H","H","H","HH",214,229,65,32,33,1,2.2,14.5454545454545,7.14986563235905,"1",18.6,0
"70","5.12.13.2","523","H1",9,"N","N","N","N","N","N",253,229,116,53,63,2,3,17.6666666666667,10.7488599147253,"1",42.2,0
"71","5.6.1.2","523","F1",5,"H","H","H","H","H","HH",180,234,89,51,38,2,2,25.5,10.6833432681094,"1",13.9,0
"72","5.1.20.1","523","A2",8,"S","H","H","H","H","H",19,235,95,43,52,3,2,21.5,13.5989616283206,"1",36.7,1
"73","6.4.20.1","643","B2",11,"S","S","S","S","S","S",58,217,111.6,38.5,73.1,6,3,12.8333333333333,NA,"1",4.87,0
"74","6.2.3.2","643","E3",4,"S","S","S","S","S","S",167,220,96,49,47,8,3,16.3333333333333,18.2204281617995,"1",9.22,0
"75","6.5.3.2","643","F2",3,"S","S","S","S","S","S",190,220,90,43,47,7,3,14.3333333333333,13.4964355229691,"1",20.8,0
"76","6.5.14.2","643","F2",11,"S","S","S","S","S","S",198,220,99,43,56,4,3.8,11.3157894736842,12.3160935064935,"1",20.2,0
"77","6.7.18.2","643","G3",12,"S","S","S","S","S","S",244,220,95,47,48,13,2,23.5,18.1302566837143,"1",4.67,0
"78","6.10.7.1","643","D3",3,"H","S","S","S","S","H",132,222,116,45,71,4,1,45,13.2136746666667,"1",23.4,1
"79","6.11.9.2","643","H2",3,"S","H",NA,"N","N","H",259,222,110,52,58,6,2,26,17.7695170050863,"1",18.6,2
"80","6.12.4.1","643","D1",9,"S","S","S","S","S","S",114,222,91,40,51,6,1.8,22.2222222222222,16.0003004318708,"1",6.76,0
"81","6.2.19.2","643","E1",4,"S","S","S","S","S","S",144,222,109,46,63,2,1,46,10.7840497040786,"1",9.06,0
"82","6.7.15.2","643","F1",8,"S","S","S","S","S","S",183,222,96,51,45,4,1.8,28.3333333333333,13.9563249967604,"1",17.2,0
"83","6.13.15.2","643","H1",4,"S","S","S","S","S","S",248,222,101,47,54,5,2,23.5,13.3091960699499,"1",5.41,0
"84","6.3.3.2","643","E2",2,"S","H","H","H","H","H",154,224,108,54,54,5,1,54,11.8609708943563,"1",15.8,1
"85","6.7.7.2","643","F1",9,"S","H","H","H","H","H",184,224,110,64,46,3,1,64,11.7050123762376,"1",20.9,1
"86","6.4.9.1","643","B3",9,"S","H","H","H","H","H",68,225,107,41,66,5,2,20.5,NA,"1",12.9,1
"87","6.8.18.1","643","C2",8,"S","N","N","N","N","H",90,226,115,55,60,4,1.7,32.3529411764706,14.7101899252889,"1",12.5,1
"88","6.6.16.1","643","B1",10,"S","H","H","H","H","H",45,227,113.2,54.4,58.8,5,2,27.2,NA,"1",10.2,1
"89","6.5.16.2","643","F2",8,"S","N","N","N","N","H",195,227,115,64,51,3,2,32,13.0750706232992,"1",10.3,1
"90","6.13.20.2","643","H1",5,"S","N","N","N","N","H",249,227,109,60,49,7,2.5,24,18.6100827849713,"1",5.56,1
"91","6.3.4.1","643","A3",2,"S","S","S","S","S","S",25,227,100.3,59.6,40.7,5,2,29.8,13.2964649077427,"1",16.8,0
"92","6.13.10.2","643","H1",3,"H","H","H","H","H","HH",247,228,119,65,54,5,2,32.5,22.6204443546248,"1",2.45,0
"93","6.8.5.1","643","C3",10,"S","S","S","S","S","S",104,229,110.5,45,65.5,4,2,22.5,16.7129976470588,"1",7.28,0
"94","6.11.10.1","643","D2",3,"S","H","H","H","H","H",120,234,122,61,61,4,2,30.5,15.6649784064593,"1",12.9,1
"95","6.11.3.2","643","G1",6,"H","H","H","H","H","HH",216,234,107,64,43,3,1.9,33.6842105263158,14.4147937716077,"1",13,0
"96","7.9.15.2","719","G2",2,"S","H","H","N","N","H",224,227,126,65,61,7,2,32.5,20.2296463136629,"1",12.9,2
"97","7.9.14.2","719","G2",3,"H","S","S","S","S","H",225,227,92,45,47,4,2,22.5,10.5548411755873,"1",7.29,1
"98","7.10.19.1","719","D3",11,"N","N","N","N","N","N",139,227,105,47,58,3,3,15.6666666666667,7.56159467158407,"1",5.61,0
"99","7.10.16.2","719","G1",11,"N","N","N","N","N","N",221,227,96,51,45,4,2,25.5,19.59905804128,"1",30.7,0
"100","7.8.17.1","719","C2",11,"H","S","S","S","S","H",93,231,122,38,84,3,2,19,5.51344581306283,"1",14.6,1
"101","7.2.8.1","719","A3",12,"H","H","H","H","H","HH",35,231,116.3,48.4,67.9,3,1.5,32.2666666666667,8.71603031043755,"1",15.2,0
"102","7.1.16.2","719","E3",5,"H","H","H","H","H","HH",168,233,105,57,48,4,2,28.5,16.9920560747664,"1",27.1,0
"103","7.8.11.2","719","G3",8,"H","H","H","H","H","HH",240,233,82,41,41,3,1,41,14.276028852459,"1",5.73,0
"104","7.11.16.2","719","H2",8,"N","N","N","N","H","H",264,234,112,53,59,3,1.5,35.3333333333333,17.5724141415417,"1",18.8,1
"105","7.13.21.1","719","E2",4,"H","H","H","H","H","HH",156,234,86,42,44,2,1,42,9.15831457400885,"1",52.3,0
"106","7.2.17.1","719","A3",4,"S","S","S","S","S","S",27,234,85,45.2,39.8,3,3,15.0666666666667,11.4924559198751,"1",13,0
"107","7.11.8.1","719","D1",10,"S","S","S","S","S","S",115,234,71,35,36,1,2.5,14,5.84411663995836,"1",14.9,0
"108","7.1.5.1","719","A2",10,"H","H","H","H","H","HH",21,235,87.4,36,51.4,3,2,18,14.4924013595389,"1",33.9,0
"109","7.11.13.2","719","H2",5,"H","H","H","H","H","HH",261,235,86,50,36,6,2,25,15.9574591706559,"1",24.9,0
"110","7.2.14.1","719","A3",10,"N","N","N","N","N","N",33,235,92,45.4,46.6,5,2,22.7,21.6749493102214,"1",26.5,0
"111","7.1.19.1","719","A2",6,"H","H","H","S","S","H",17,238,84,41,43,3,2.5,16.4,9.72291808285306,"1",29,1
"112","7.11.5.1","719","D3",1,"S","H","H","H","H","H",130,238,92,49,43,4,1.8,27.2222222222222,8.53751466666667,"1",9.8,1
"113","7.7.6.1","719","C3",5,"H","H","H","H","H","HH",99,NA,103,49,54,7,1,49,8.00555335354423,"1",21.9,0
"114","8.7.2.1","741","C3",11,"S","S","S","S","H","H",105,220,NA,NA,NA,NA,2,NA,13.0847435294118,"1",8.67,1
"115","8.10.18.1","741","D3",8,"H","S","S","S","S","H",137,220,111,52,59,7,1.6,32.5,20.948645189701,"1",14.1,1
"116","8.1.4.2","741","E3",6,"H","H","H","H","H","HH",169,220,138,55,83,3,2,27.5,16.1555635978954,"1",37.7,0
"117","8.3.9.2","741","F3",6,"S","S","S","S","S","S",205,222,118,44,74,4,2,22,16.8471659014262,"1",27.1,0
"118","8.5.18.1","741","B2",1,"H","H","H","H","H","HH",48,224,101.4,47.2,54.2,5,1.5,31.4666666666667,NA,"1",17,0
"119","8.11.17.2","741","H2",11,"S","S","S","S","S","S",266,224,123,60,63,4,1.5,40,17.9249465478546,"1",16.6,0
"120","8.2.4.1","741","A3",8,"H","H","H","H","H","HH",31,226,74,30,44,1,1,30,13.0633216343862,"1",31.8,0
"121","8.9.6.1","741","C1",6,"H","H","H","H","H","HH",76,226,140,60,80,2,1.5,40,18.2864731331774,"1",17.4,0
"122","8.11.17.1","741","D2",4,"S","H",NA,"N","N","H",121,227,98,51,47,4,2,25.5,15.4437743880809,"1",9.82,2
"123","8.8.16.1","741","C2",10,"H","H","H","H","H","HH",92,227,96,36,60,1,2,18,12.9698995963151,"1",15.6,0
"124","8.5.3.1","741","B2",12,"N","N","H","H","H","H",59,228,97,45,52,2,2,22.5,NA,"1",10.5,1
"125","8.7.5.1","741","C3",2,"H","H","H","H","H","HH",96,228,85,39,46,1,3,13,19.500515270651,"1",8.78,0
"126","8.11.7.1","741","D2",12,"N","N","N","N","N","N",129,228,113,61,52,4,1.5,40.6666666666667,20.1026585035132,"1",14.9,0
"127","8.9.8.1","741","C1",9,"H","H","H","H","S","H",79,234,152,62,90,3,3,20.6666666666667,18.20133582548,"1",9.78,1
"128","8.1.3.1","741","A2",4,"H","H","H","H","H","HH",15,234,112.5,59,53.5,3,2,29.5,20.1149382957156,"1",13.7,0
"129","9.3.13.2","825","F3",12,"N","S","S","S","S","H",210,222,89,35,54,3,2.5,14,17.3281109751122,"1",20.3,1
"130","9.12.15.1","825","D1",2,"H","H",NA,"N-H","N","H",107,227,96,47,49,1,1.7,27.6470588235294,16.8185057428631,"1",5.24,2
"131","9.6.8.2","825","F1",4,"N","S","S","S","S","H",179,228,120,33,87,3,3,11,15.1285066006601,"1",14.7,1
"132","9.10.14.2","825","G1",8,"N","H","H","H","H","H",218,229,90,42,48,2,3,14,14.9590136485869,"1",14.8,1
"133","9.10.13.2","825","G1",10,"N","N","N","N","N","N",220,229,10,4,6,7,2,2,7.85744583692729,"1",26.2,0
"134","9.1.8.1","825","A2",3,"N","H","H","H","H","H",14,231,78,34,44,2,2,17,17.1560190132282,"1",22.3,1
"135","9.5.20.1","825","B2",5,"N","S","S","S","S","H",52,231,91,34.4,56.6,4,2,17.2,NA,"1",24,1
"136","9.1.6.2","825","E3",9,"N","S","S","S","S","H",172,232,83,38,45,4,1.8,21.1111111111111,17.1247663551402,"1",13.1,1
"137","9.4.7.2","825","F2",1,"N","N","N","N","N","N",188,232,79,40,39,4,2,20,14.3292319109462,"1",24.2,0
"138","9.10.21.1","825","D3",7,"N","H","H","H","H","H",136,233,97,49,48,5,1,49,17.1546026666667,"1",10.3,1
"139","9.11.4.1","825","D3",2,"N","N","N","N","N","N",131,233,85,42,43,3,1.5,28,18.005952,"1",8.11,0
"140","9.9.1.2","825","G2",10,"N","N","N","N","N","N",232,233,80,46,34,3,2,23,16.8379704328597,"1",26.5,0
"141","9.12.19.1","825","D1",4,"N","H","H","H","H","H",109,234,94,38,56,2,1,38,17.2762145584277,"1",12.2,1
"142","9.9.10.2","825","G2",12,"N","S","S","S","S","H",234,234,73,34,39,3,2,17,13.5824648637678,"1",19.2,1
"143","9.13.13.1","825","E1",6,"N","N","N","N","N","N",146,234,84,35,49,4,2,17.5,15.5714094427037,"1",46.8,0
"144","9.8.1.2","825","G3",6,"N","N","N","N","N","N",238,234,83,38.5,44.5,4,1,38.5,16.5340118032787,"1",7.13,0
"145","9.4.11.1","825","B3",4,"H","H","H","S","S","H",63,235,68,38,30,2,2,19,NA,"1",13.8,1
"146","9.1.3.1","825","A2",11,"N","S","S","S","S","H",22,236,69.8,32,37.8,3,2,16,16.8927080136521,"1",16.1,1
"147","9.13.19.1","825","E2",5,"N","H","H","H","H","H",157,236,84,43,41,4,2,21.5,22.6664265473132,"1",13.6,1
"148","9.4.16.1","825","B3",7,"N","H","H","H","H","H",66,238,68.2,39,29.2,6,1.5,26,NA,"1",8.81,1
"149","9.11.3.1","825","D3",5,"N","H","H","H","H","H",134,238,72,34,38,3,2,17,15.8330026666667,"1",6.69,1
"150","9.7.7.1","825","C3",8,"N","N","N","N","N","N",102,238,72,34,38,3,1.5,22.6666666666667,22.06762150639,"1",17.5,0
"151","9.5.17.1","825","B2",4,"N","H","H","H","H","H",51,242,82.5,30,52.5,2,1,30,NA,"1",31.8,1
"152","9.5.12.1","825","B2",7,"N","N","N","N","H","H",54,242,57.3,34,23.3,4,1.5,22.6666666666667,NA,"1",19.5,1
"153","10.11.10.2","885","H2",2,"S","S","S","S","H","H",258,223,112,45,67,2,2,22.5,11.3042854676565,"1",13.7,1
"154","10.5.12.2","885","F2",9,"S","S","S","S","S","S",196,224,93,34,59,1,3,11.3333333333333,7.69420379537954,"1",6.79,0
"155","10.6.13.1","885","B1",4,"S","H","H","H","H","H",39,227,106.4,47.4,59,3,2,23.7,NA,"1",9.51,1
"156","10.5.21.1","885","B1",8,"S","S","S","S","S","S",43,227,111.4,48.9,62.5,3,2,24.45,NA,"1",11.2,0
"157","10.11.12.1","885","D2",8,"S","S","S","S","S","S",125,227,120,51,69,3,2,25.5,16.9093250455696,"1",17.3,0
"158","10.3.8.2","885","F3",3,"S","S","S","S","S","S",202,227,105,50,55,4,1,50,16.3934284127694,"1",27.4,0
"159","10.6.3.1","885","B1",9,"S","S","S","S","S","S",44,229,83.5,27.9,55.6,5,2.5,11.16,NA,"1",24.1,0
"160","10.3.18.2","885","F3",8,"H","H","H","H","H","HH",207,231,95,55,40,2,2.2,25,9.81772625818993,"1",14,0
"161","10.13.11.1","885","E1",9,"S","H","H","H","H","H",149,232,85,51,34,3,2,25.5,17.9501255699754,"1",11.6,1
"162","10.2.10.1","885","A3",9,"H","S","S","S","S","H",32,234,116,45.5,70.5,2,2,22.75,18.6108766578505,"1",20.9,1
"163","10.4.18.1","885","B2",8,"H","H","H","H","H","HH",55,234,124,57.4,66.6,2,1.5,38.2666666666667,NA,"1",NA,0
"164","10.9.12.2","885","G2",9,"S","S","S","S","S","S",231,234,97,45,52,3,3,15,13.4305748642752,"1",10.2,0
"165","10.2.2.1","885","A2",5,"H","H","H","H","H","HH",16,235,92,44,48,2,2,22,21.5123328051881,"1",12.5,0
"166","10.9.1.1","885","C1",8,"N","N","N","N","N","N",78,235,103,53,50,1,2,26.5,16.0683778551152,"1",16.1,0
"167","10.7.13.1","885","C2",6,"H","H","H","H","H","HH",88,236,108,53,55,1,2,26.5,13.2893878991465,"1",7.11,0
"168","10.1.17.1","885","A2",2,"S","N","N","N","N","H",13,237,107,62,45,2,3,20.6666666666667,24.4413002720918,"1",14.5,1
"169","10.7.12.1","885","C3",3,"N","N","N","N","N","N",97,238,95.5,50,45.5,4,2,25,16.3990023529412,"1",8.49,0
"170","11.11.6.2","1047","H2",6,"S","S","S","S","S","S",262,220,71,29,42,4,3,9.66666666666667,13.8595414941605,"1",31.3,0
"171","11.11.19.1","1047","D2",10,"S","S","S","S","S","S",127,222,111,51,60,12,2,25.5,18.0395173330046,"1",22,0
"172","11.9.9.1","1047","C1",5,"S","S","S","S","H","H",75,223,112,46,66,4,1,46,17.9372712047606,"1",14,1
"173","11.8.21.2","1047","G2",11,"H","H","H","H","S","H",233,223,84,41,43,5,1.5,27.3333333333333,18.8560929330985,"1",14.5,1
"174","11.11.14.1","1047","D2",5,"S","S","S","S","S","S",122,223,84,34,50,1,2,17,9.04553811453375,"1",22.5,0
"175","11.12.17.1","1047","D1",1,"H","H","H","H","H","HH",106,224,93.5,37,56.5,6,2,18.5,23.9292607840955,"1",14.4,0
"176","11.6.15.1","1047","B1",7,"H","H","H","H","H","HH",42,227,113.2,34.4,78.8,6,2,17.2,NA,"1",14.6,0
"177","11.1.1.2","1047","E3",3,"H","H","H","H","H","HH",166,227,112,45,67,2,2,22.5,17.0522869630578,"1",26,0
"178","11.1.10.2","1047","E3",8,"H","H","H","H","H","HH",171,227,95,43,52,6,2,21.5,14.7947708055185,"1",11.8,0
"179","11.4.1.2","1047","F3",7,"H","H","H","H","H","HH",206,227,101,67,34,3,1,67,20.0680779597199,"1",14.8,0
"180","11.2.11.1","1047","A3",6,"S","S","S","S","S","S",29,227,86.3,37.2,49.1,6,2,18.6,22.3146915623236,"1",18.9,0
"181","11.5.2.2","1047","F2",10,"S","S","S","S","S","S",197,227,89,44,45,4,3.5,12.5714285714286,18.1269837478953,"1",16,0
"182","11.8.8.2","1047","G3",5,"S","S","S","S","S","S",237,227,104,52.5,51.5,4,2.5,21,18.9665154098361,"1",2.74,0
"183","11.12.8.1","1047","D1",8,"H","H","H","H","H","HH",113,228,109,48,61,6,2,24,21.8555463760704,"1",5.65,0
"184","11.10.11.1","1047","D3",4,"H","H","H","H","H","HH",133,228,90,43,47,7,2,21.5,17.2668639134683,"1",9.36,0
"185","11.6.21.1","1047","C3",6,"S","S","S","S","S","S",100,228,104,52,52,4,2.6,20,20.1543236818043,"1",6.66,0
"186","11.3.15.1","1047","A1",3,"H","H","H","H","H","HH",3,230,99.3,43,56.3,5,2.5,17.2,19.3132111477756,"1",21.5,0
"187","11.8.12.1","1047","C2",4,"H","H","H","H","H","HH",86,233,68,45,23,5,2.5,18,21.3846349904422,"1",24.4,0
"188","11.3.20.1","1047","A1",2,"N","H","H","H","H","H",2,234,90.5,36.5,54,3,2,18.25,17.0460418562329,"1",26.6,1
"189","11.3.2.2","1047","E2",10,"H","H","H","H","S","H",162,234,81,40,41,NA,2,20,12.4218922559919,"1",25.9,1
"190","11.3.7.1","1047","A1",12,"H","H","H","H","H","HH",12,234,99,42,57,3,2.5,16.8,15.271470056221,"1",20.5,0
"191","11.13.17.1","1047","E2",12,"H","H","H","H","H","HH",164,234,126,61,65,2,2.3,26.5217391304348,22.1933352085153,"1",11.5,0
"192","11.13.12.2","1047","H1",10,"H","H","H","H","H","HH",254,234,88,45,43,11,2,22.5,18.9031034090766,"1",46.4,0
"193","12.6.10.1","1094","B1",1,"H","H","H","H","N","H",36,220,105,36.4,68.6,2,1,36.4,NA,"1",24.4,1
"194","12.13.3.1","1094","E2",6,"H","H","H","H","N","H",158,220,80,36,44,5,2,18,13.5705924415371,"1",22,1
"195","12.8.20.2","1094","G2",8,"S","S","S","S","N","H",230,220,79,35,44,4,2,17.5,11.2147937716078,"1",19.2,1
"196","12.8.3.2","1094","G3",3,"H","H","H","N","N","H",236,220,97,46,51,2,2,23,10.9791475409836,"1",25.9,1
"197","12.11.21.2","1094","H2",4,"S","S","S","S","N","H",260,220,85,38,47,1,2,19,15.3254935257907,"1",19.8,1
"198","12.12.6.1","1094","D1",11,"H","N","N","N","N","H",116,222,78,28,50,4,1,28,17.4788571145976,"1",8.3,1
"199","12.2.21.2","1094","E2",11,"H","H","H","H","N","H",163,222,75,34,41,5,2,17,13.1142962886201,"1",15.7,1
"200","12.9.7.2","1094","G2",1,"S","S","S","S","N","H",223,222,120,51,69,1,3,17,17.5368207417931,"1",11.2,1
"201","12.9.5.2","1094","G2",4,"H","H","H","H","N","H",226,222,107,49,58,2,1.3,37.6923076923077,18.4168653914455,"1",14.1,1
"202","12.5.13.2","1094","F2",12,"N","N","N","N","N","N",199,222,89,50,39,3,2,25,14.0737781076067,"1",20,0
"203","12.4.14.1","1094","B3",3,"S","H","H","H","H","H",62,223,79,36,43,3,2,18,NA,"1",8.31,1
"204","12.6.8.1","1094","B1",2,"H","H","H","N","N","H",37,224,106,42.4,63.6,1,2,21.2,NA,"1",22.4,1
"205","12.4.7.1","1094","B3",5,"H","H","H","H","N","H",64,224,86,29,57,4,2,14.5,NA,"1",1.91,1
"206","12.13.6.1","1094","E1",3,"H","H","H","H","N","H",143,224,86,39,47,1,1.8,21.6666666666667,12.8639511528882,"1",51.8,1
"207","12.2.13.2","1094","E1",11,"H","H","H","H","N","H",151,224,95,44,51,1,1,44,12.6255320940021,"1",14.7,1
"208","13.9.4.2","1101","G2",7,"H","S","S","S","S","H",229,220,128,45,83,6,1.5,30,19.3534395345616,"1",2.75,1
"209","13.8.17.2","1101","G3",10,"S","S","S","S","S","S",242,220,132,39,93,6,2,19.5,14.9063092323727,"1",6.28,0
"210","13.6.19.1","1101","B1",3,"S","S","S","S","S","S",38,221,117.5,40.4,77.1,4,2,20.2,NA,"1",9.08,0
"211","13.12.20.1","1101","D1",7,"H","H","H","H","H","HH",112,223,130.5,58,72.5,6,1.5,38.6666666666667,21.4495125931181,"1",8.24,0
"212","13.11.20.2","1101","H2",7,"H","H","H","H","H","HH",263,223,108,50,58,7,2,25,15.5725687449793,"1",29.7,0
"213","13.13.5.1","1101","E1",7,"H","H","H","H","N","H",147,224,110,58,52,3,3,19.3333333333333,14.1910500522214,"1",11.8,1
"214","13.3.21.2","1101","F3",2,"S","S","S","S","S","S",201,224,115,51,64,3,2,25.5,11.7751505987952,"1",16.8,0
"215","13.3.8.1","1101","A1",9,"H","H","H","H","H","HH",9,227,119,57,62,3,2,28.5,19.8704444190563,"1",10.7,0
"216","13.2.7.1","1101","A3",11,"S","S","S","S","S","S",34,227,115.4,48.5,66.9,3,3,16.1666666666667,18.8399585317001,"1",19,0
"217","13.7.14.2","1101","F1",11,"S","S","S","S","S","S",186,228,84,44,40,3,NA,NA,9.64005701697551,"1",13.4,0
"218","13.7.5.2","1101","F1",12,"S","S","S","S","S","S",187,228,104,51,53,2,NA,NA,14.588901758953,"1",3.14,0
"219","13.7.12.2","1101","F1",3,"H","H","H","H","H","HH",178,232,87,60,27,1,2.5,24,13.0142753246753,"1",17.1,0
"220","14.11.18.1","1110","D2",7,"S","S","S","S","S","S",124,227,107,50,57,2,1,50,13.1990748492373,"1",12.4,0
"221","14.2.1.2","1110","E3",7,"S","S","H","N","N","H",170,228,111,51,60,2,1,51,14.5029815428301,"1",16.7,2
"222","14.10.6.2","1110","G1",1,"H","H","H","H","H","HH",211,228,104,48,56,1,1,48,17.7236851085903,"1",14.1,0
"223","14.10.11.2","1110","G1",7,"H","H","H","H","H","HH",217,229,111,57,54,7,2,28.5,17.6459010943344,"1",22.2,0
"224","14.10.3.2","1110","G1",2,"N","H","H","N","H","H",212,231,98,56,42,4,1,56,16.4489588079222,"1",20.2,3
"225","14.3.20.2","1110","F3",5,"S","S","N","H","H","H",204,233,97,46,51,3,2.8,16.4285714285714,12.6193294453644,"1",11.4,2
"226","14.7.10.2","1110","F1",6,"H","H","H","H","H","HH",181,233,93,57,36,3,2.2,25.9090909090909,18.7228341584158,"1",29,0
"227","14.8.4.1","1110","C3",7,"H","H","H","H","H","HH",101,234,84,39,45,3,2,19.5,15.1863943919537,"1",13,0
"228","14.13.14.2","1110","H1",7,"H","H","H","H","H","HH",251,234,92,55,37,3,NA,NA,20.301308083558,"1",27.9,0
"229","14.2.4.2","1110","E1",8,"N","N","N","N","N","N",148,234,115,62,53,3,3,20.6666666666667,22.0408951245177,"1",11.7,0
"230","14.2.11.2","1110","E2",7,"N","N","N","N","H","H",159,238,102,56,46,1,2,28,16.2881226961169,"1",22.2,1
"231","14.13.19.2","1110","H1",2,"H","H","H","H","H","HH",246,242,100.5,56,44.5,3,1.5,37.3333333333333,15.727191679049,"1",4.69,0
"232","15.6.1.1","1117","B1",11,"H","H","H","H","H","HH",46,220,90.5,34.4,56.1,5,2,17.2,NA,"1",12.5,0
"233","15.6.6.2","1117","F1",1,"S","S","S","S","S","S",176,222,86,44,42,4,1.5,29.3333333333333,12.1640371057514,"1",64.1,0
"234","15.1.7.2","1117","E3",12,"S","S","S","S","S","S",175,223,118,48,70,5,2,24,20.8297730307076,"1",16.1,0
"235","15.5.1.2","1117","F2",7,"S","S","S","S","S","S",194,223,46,47,-1,1,2,23.5,12.5267449219636,"1",14.8,0
"236","15.4.12.1","1117","B3",1,"H","S","S","S","S","H",60,224,121.5,57,64.5,4,1,57,NA,"1",12.7,1
"237","15.8.9.1","1117","C2",5,"S","S","S","S","S","S",87,225,62,30,32,1,2,15,9.0595336793719,"1",8.91,0
"238","15.11.9.1","1117","D2",6,"N","N","N","N","N","N",123,230,126,78,48,5,2.2,35.4545454545455,23.9376346222065,"1",10,0
"239","6.9.2.2","173","F1",12,"H","H","H","H","H","HH",155,193,88,59,29,5,2.5,23.6,24.63370813,"2",8.19,0
"240","4.4.2.2","173","E2",5,"H","S","S","S","S","H",136,197,66,42,24,6,2,21,24.86280129,"2",6.24,1
"241","16.3.2.1.2","173","D3",5,"N","N","N","N","N","N",112,198,53,25,28,6,2,12.5,19.41643614,"2",8.53,0
"242","5.4.1.2","173","A2",2,"H","H","H","H","H","HH",14,201,58,32,26,7,2.5,12.8,26.97584696,"2",20.9,0
"243","16.3.1.1.2","173","D3",2,"H","H","H","H","H","HH",109,201,75,24,51,2,2,12,23.99742298,"2",4.7,0
"244","7.6.2.2","173","F2",10,"S","H","H","H","H","H",165,203,56,33,23,5,2,16.5,27.99877949,"2",8.82,1
"245","8.8.1.2","173","B2",2,"H","H","H","H","H","HH",49,205,54,39,15,2,1.9,20.52631579,22.68483858,"2",7.07,0
"246","15.9.1.2","173","D2",7,"H","H","H","H","H","HH",102,206,61,28,33,4,1.4,20,25.57741291,"2",9.14,0
"247","17.3.1.3","263","D3",6,"S","S","S","S","S","S",113,185,50,15,35,7,1.5,10,21.70508308,"2",6.69,0
"248","4.9.2.3","263","E2",11,"S","S",NA,NA,"N","H",142,193,47,17,30,1,1.3,13.07692308,19.32470956,"2",7.89,1
"249","7.6.1.3","263","B1",1,"H","H","H","H","H","HH",37,194,64,23,41,5,1,23,24.13035982,"2",5.41,0
"250","9.5.1.1.3","263","C1",10,"S","S","S","S","S","S",69,197,52,20,32,5,1.4,14.28571429,27.89756551,"2",6.56,0
"251","15.10.1.3","263","D2",4,"N","N","N","N","N","N",99,203,101,56,45,5,1.5,37.33333333,27.7422797,"2",4.1,0
"252","9.5.2.1.3","263","C1",7,"H","S","S","S","S","H",66,206,42,16,26,7,1,16,21.03257181,"2",7.78,1
"253","13.10.1.3","263","D2",5,"N","N","N","N","N","N",100,206,74,41,33,1,1.9,21.57894737,27.47226481,"2",10.9,0
"254","11.4.1.3","263","C2",2,"H","H","H","H","H","HH",73,208,61,37,24,7,1.1,33.63636364,26.01640253,"2",6.23,0
"255","4.5.1.3","263","A1",6,"N","N","N","N","N","N",6,211,84,43,41,3,2,21.5,25.7496448,"2",4.3,0
"256","8.4.1.3","263","B2",11,"N","N","N","N","N","N",58,214,39,21,18,2,1,21,18.31603721,"2",10.6,0
"257","9.7.2.1.5","523","C1",6,"S","S","S","S","S","S",65,200,56,26,30,5,2.3,11.30434783,22.55859031,"2",10,0
"258","14.7.1.5","523","D3",7,"S","S","S","S","S","S",114,200,72,29,43,4,1.5,19.33333333,18.78327302,"2",4.06,0
"259","9.7.1.1.5","523","C1",4,"H","H","H","H","H","HH",63,201,37,44,-7,4,2.5,17.6,26.01933771,"2",11.2,0
"260","6.7.2.5","523","F1",9,"S","S","S","S","S","S",152,201,77,35,42,6,2.5,14,24.72210318,"2",4.73,0
"261","8.6.2.1.5","523","B2",5,"N","N","N","N","N","N",52,206,66,42,24,3,1.4,30,28.50065258,"2",5.38,0
"262","3.10.2.5","523","E2",2,"N","N","N","N","N","N",133,213,45,22,23,3,1,22,23.03363786,"2",5.26,0
"263","8.6.1.1.5","523","B2",8,"N","N","N","N","N","N",55,NA,NA,NA,NA,NA,NA,NA,16.02755715,"2",14.8,0
"264","6.3.1.7","719","A3",11,"H","H","H","H","H","HH",35,195,67,33,34,4,1.5,22,21.55978838,"2",0,0
"265","10.7.2.7","719","G2",9,"S","S","S","S","S","S",188,197,73,43,30,6,2,21.5,NA,"2",14.3,0
"266","6.10.1.1.7","719","B1",5,"H","H","H","H","H","HH",40,198,86,57,29,3,2.1,27.14285714,29.47886636,"2",4.43,0
"267","6.10.2.1.7","719","B1",2,"S","S","S","S","S","S",38,201,62,22,40,6,2,11,24.60348723,"2",4.39,0
"268","11.5.1.7","719","C2",3,"S","H","H","H","H","H",74,204,86,51,35,3,2,25.5,26.68992857,"2",8.75,1
"269","13.6.2.7","719","G1",10,"S","S","S","S","S","S",177,205,70,29,41,4,2,14.5,NA,"2",9.39,0
"270","5.4.2.7","719","E2",10,"N","N","N","N","N","N",141,206,71,37,34,5,1.5,24.66666667,24.64828712,"2",8.62,0
"271","12.8.2.7","719","G1",8,"H","H","H","H","H","HH",175,214,45,31,14,5,2,15.5,NA,"2",13.4,0
"272","4.10.1.8","741","A2",1,"H","H","H","H","N","H",13,187,56,34,22,6,NA,NA,19.03995649,"2",10.6,1
"273","16.4.2.1.8","741","D3",11,"S","S","S","S","S","S",118,187,111,34,77,4,1.5,22.66666667,24.87941267,"2",5.4,0
"274","7.5.1.2.8","741","F1",6,"H","H","N","N","N","H",149,187,70,47,23,1,1.8,26.11111111,22.39221571,"2",9.42,1
"275","16.4.1.1.8","741","D3",8,"S","S","S","S","S","S",115,191,88,43,45,6,1.5,28.66666667,25.06242577,"2",8.41,0
"276","3.11.1.8","741","A2",10,"S","S","S","S","S","S",22,192,75,44,31,7,2,22,31.40877262,"2",4.73,0
"277","10.8.2.8","741","G2",12,"S","S","S","S","S","S",191,192,65,31,34,5,1.5,20.66666667,NA,"2",3.98,0
"278","3.7.2.1.8","741","A1",2,"H","H","H","H","H","HH",2,194,81,39,42,3,1.7,22.94117647,30.48082855,"2",10.2,0
"279","10.3.1.8","741","C1",2,"S","S","S","S","S","S",61,194,75,46,29,5,1.7,27.05882353,26.66614446,"2",13.9,0
"280","10.7.1.1.8","741","C2",10,"S","S","S","S","S","S",81,194,72,48,24,4,1.5,32,23.57280496,"2",19.4,0
"281","5.7.1.2.8","741","E2",12,"H","H",NA,NA,"N","H",143,194,79,42,37,3,1.1,38.18181818,23.47015889,"2",9.86,1
"282","3.6.2.1.8","741","A1",4,"H","H","H","H","H","HH",4,197,75,50,25,4,1.1,45.45454545,27.3518249,"2",7.05,0
"283","6.11.1.1.8","741","B1",10,"H","S","S","S","S","H",45,197,78,34,44,4,1.5,22.66666667,24.74634679,"2",10,1
"284","5.5.1.2.8","741","E2",7,"S","S","S","S","S","S",138,197,90,33,57,4,1,33,25.46557382,"2",7.45,0
"285","4.8.1.8","741","A2",4,"N","N","N","N","N","N",16,198,92,61,31,5,2,30.5,25.1080796,"2",5.58,0
"286","7.5.2.2.8","741","F1",3,"H","H","H","H","H","HH",146,198,76,50,26,5,2.5,20,29.07380428,"2",8.25,0
"287","6.11.2.1.8","741","B1",7,"S","S","S","S","S","S",42,199,78,36,42,4,2.4,15,32.96955153,"2",5.49,0
"288","8.4.2.8","741","F2",1,"H","H","H","H","H","HH",156,199,75,50,25,7,2,25,25.68290466,"2",7.76,0
"289","3.7.1.1.8","741","A1",1,"H","H","H","H","H","HH",1,201,71,42,29,4,1.8,23.33333333,22.89858189,"2",22.9,0
"290","3.6.1.1.8","741","A1",7,"H","H","H","H","H","HH",7,201,90,56,34,5,1.3,43.07692308,19.7574995,"2",10.5,0
"291","10.7.2.1.8","741","C2",7,"H","H","H","H","H","HH",78,201,84,47,37,5,2,23.5,24.61432945,"2",10.8,0
"292","5.5.2.2.8","741","E2",4,"N","N","N","N","N","N",135,201,70,31,39,3,1,31,22.43756567,"2",6.35,0
"293","7.3.1.2.8","741","F1",5,"S","H","H","H","H","H",148,201,69,37,32,5,1.2,30.83333333,27.26587737,"2",7.39,1
"294","9.6.2.8","741","F2",5,"S","H","H","H","H","H",160,201,74,52,22,3,2,26,NA,"2",11.2,1
"295","13.5.2.8","741","G1",7,"H","H","H","H","H","HH",174,201,84,47,37,1,1.5,31.33333333,NA,"2",10.4,0
"296","11.7.3.1.8","741","C2",4,"H","S","S","S","S","H",75,202,71,45,26,4,1,45,24.42712371,"2",5.8,1
"297","11.7.2.8","741","G2",1,"H","H","H","H","H","HH",180,202,109,59,50,6,2,29.5,NA,"2",8.94,0
"298","10.4.1.8","741","C1",1,"N","N","N","N","N","N",60,203,80,56,24,4,1.4,40,21.14983424,"2",8.68,0
"299","7.3.2.2.8","741","F1",2,"H","H",NA,NA,"N","H",145,206,48,22,26,5,1,22,22.78227227,"2",6.68,1
"300","5.7.2.2.8","741","E2",9,"S","S","S","S","S","S",140,209,62,32,30,7,2,16,25.8243804,"2",7.9,0
"301","4.6.1.8","741","A1",9,"S","H","H","H","H","H",9,210,50,33,17,4,NA,NA,23.11004122,"2",11.8,1
"302","11.6.2.2.10","885","G2",2,"H","H",NA,NA,"N","H",181,191,44,20,24,8,1.8,11.11111111,NA,"2",5.54,1
"303","11.10.2.1.10","885","C2",11,"S","S","S","S","S","S",82,196,70,42,28,1,2,21,26.23960845,"2",17.1,0
"304","11.10.1.1.10","885","C2",12,"S","S",NA,NA,"H","H",83,196,58,27,31,5,2,13.5,26.0059258,"2",14.1,1
"305","13.9.1.1.10","885","D2",11,"S","S",NA,NA,"N","H",106,197,49,30,19,2,1,30,21.30157538,"2",4.93,1
"306","8.11.2.2.10","885","F2",8,"S","S","S","S","S","S",163,197,59,25,34,4,1.5,16.66666667,28.35917257,"2",10,0
"307","13.4.1.1.10","885","D1",9,"S","S",NA,NA,"N","H",92,198,51,27,24,2,1,27,19.18724703,"2",3.35,1
"308","6.8.1.1.10","885","A3",2,"H","H","H","H","H","HH",26,201,63,28,35,5,2,14,26.68294131,"2",2.56,0
"309","6.8.3.1.10","885","A3",4,"S","H","H","H","H","H",28,201,84,37,47,6,2,18.5,26.03925886,"2",2.82,1
"310","11.9.1.10","885","C2",9,"S","S","S","S","S","S",80,201,74,36,38,4,2,18,27.16335307,"2",11.2,0
"311","7.7.2.10","885","F2",7,"N","H","H","H","H","H",162,201,31,16,15,7,0.5,32,20.40615123,"2",3.4,1
"312","11.6.1.2.10","885","G2",5,"S","S","S","S","S","S",184,201,77,26,51,2,3,8.666666667,NA,"2",7.05,0
"313","5.10.1.10","885","A2",3,"H","H","S","S","S","H",15,203,71,49,22,6,1.5,32.66666667,27.69764723,"2",14.9,1
"314","8.3.2.1.10","885","B2",10,"S","S",NA,NA,"H","H",57,203,60,33,27,3,2,16.5,26.99245317,"2",5.96,1
"315","9.8.1.10","885","C1",3,"S","S","S","S","S","S",62,203,60,28,32,5,3,9.333333333,27.76747881,"2",6.82,0
"316","13.4.1.2.10","885","G1",1,"S","S","S","S","S","S",168,203,60,27,33,5,2,13.5,NA,"2",11.2,0
"317","3.8.1.10","885","A1",5,"S","S","S","S","S","S",5,204,69,23,46,3,1.7,13.52941176,25.76677665,"2",4.54,0
"318","6.8.2.1.10","885","A3",1,"S","S","S","S","S","S",25,204,58,17,41,7,1,17,29.05544676,"2",5.13,0
"319","8.3.1.1.10","885","B1",3,"S","S","S","H","H","H",39,204,59,28,31,4,2,14,28.01380952,"2",2.13,1
"320","9.4.1.10","885","B2",3,"H","H","H","S","S","H",50,204,86,31,55,3,1.2,25.83333333,26.66745296,"2",9.39,1
"321","11.8.1.2.10","885","G2",4,"N","N","N","N","N","N",183,204,73,29,44,6,1.5,19.33333333,NA,"2",2.13,0
"322","17.4.1.10","885","E1",8,"S","S","S","S","S","S",127,205,65,26,39,6,1.5,17.33333333,26.14783931,"2",5.36,0
"323","4.7.2.1.10","885","A1",11,"N","N","N","N","N","N",11,206,62,36,26,4,2,18,25.03563435,"2",23.5,0
"324","17.9.1.10","885","E1",10,"H","H","H","H","H","HH",129,206,71,36,35,4,2,18,27.98484884,"2",8.42,0
"325","6.8.4.1.10","885","A3",7,"N","N",NA,NA,"H","H",31,207,60,31,29,5,1,31,24.02887714,"2",0,1
"326","11.8.2.2.10","885","G1",11,"H","H","H","H","H","HH",178,207,62,34,28,5,2,17,NA,"2",7.56,0
"327","13.4.2.10","885","G1",4,"H","H","H","H","H","HH",171,208,64,31,33,5,1.1,28.18181818,NA,"2",5.38,0
"328","5.10.2.1.10","885","A3",12,"N","N","N","N","N","N",36,210,54,22,32,5,1.5,14.66666667,23.87273438,"2",3.11,0
"329","13.9.2.1.10","885","D2",8,"N","N",NA,NA,"H","H",103,211,58,29,29,2,1.8,16.11111111,26.31386392,"2",10.7,1
"330","19.6.1.10","885","E1",12,"H","N","N","N","N","H",131,211,64,32,32,3,1.8,17.77777778,25.76812022,"2",9.31,1
"331","9.10.1.10","885","C1",11,"H","H","H","H","H","HH",70,212,56,34,22,5,1.2,28.33333333,21.82376951,"2",6.61,0
"332","8.11.1.2.10","885","F2",11,"H","H","H","H","H","HH",166,212,50,29,21,6,1.9,15.26315789,28.67485972,"2",9.41,0
"333","4.7.1.1.10","885","A1",12,"N","N","N","N","N","N",12,213,44,28,16,7,1.8,15.55555556,32.0890878,"2",25.9,0
"334","15.8.1.10","885","D2",10,"H","H","H","H","H","HH",105,213,12,12,0,5,2,6,26.8540562,"2",8.27,0
"335","11.10.3.1.10","885","C2",8,"H","H","H","H","H","HH",79,NA,47,36,11,6,1,36,24.53697979,"2",6.1,0
"336","10.6.1.12","1094","C1",12,"H","H",NA,NA,"N","H",71,187,49,26,23,8,2,13,17.00694358,"2",2.77,1
"337","16.7.1.12","1094","D3",12,"H","H",NA,NA,"N","H",119,187,44,23,21,3,2,11.5,19.26375868,"2",6.44,1
"338","12.6.2.2.12","1094","G2",7,"N","N","N","N","N","N",186,191,59,27,32,6,1,27,NA,"2",0,0
"339","8.9.1.2.12","1094","F2",3,"H","N","N","N","N","H",158,192,54,34,20,6,1,34,21.01171424,"2",1.8,1
"340","8.10.2.12","1094","F2",12,"H","N","N","N","N","H",167,192,55,31,24,4,1,31,25.44860361,"2",15.5,1
"341","6.6.1.12","1094","A3",5,"N","N","N","N","N","N",29,193,97,50,47,5,2,25,28.08100943,"2",2.34,0
"342","5.9.1.1.12","1094","A2",9,"H","H","H","H","H","HH",21,196,104,51,53,6,2,25.5,29.63020399,"2",5.71,0
"343","7.4.2.12","1094","F1",1,"N","N","N","N","N","N",144,197,64,36,28,3,2,18,20.34260481,"2",10.8,0
"344","6.10.2.2.12","1094","F1",8,"N","N","N","N","N","N",151,197,66,38,28,2,1,38,20.61926102,"2",6.04,0
"345","8.9.2.2.12","1094","F2",6,"S","S","S","S","S","S",161,197,59,26,33,7,1,26,24.87182305,"2",19.8,0
"346","8.9.3.2.12","1094","F2",9,"H","H",NA,NA,"N","H",164,200,58,37,21,6,1.5,24.66666667,21.39048012,"2",3.33,1
"347","5.9.2.1.12","1094","A2",6,"S","S","H","H","H","H",18,201,100,55,45,6,3,18.33333333,32.14974646,"2",1.61,1
"348","13.3.2.12","1094","G1",2,"H","N","N","N","N","H",169,201,54,31,23,4,1.3,23.84615385,NA,"2",11.2,1
"349","10.9.2.12","1094","G2",11,"N","N","N","N","N","N",190,203,67,39,28,2,1,39,NA,"2",6.41,0
"350","18.8.1.12","1094","E1",2,"N","N","N","N","N","N",121,204,60,35,25,6,2,17.5,18.33130015,"2",4.82,0
"351","6.10.1.2.12","1094","F1",11,"H","H","H","H","H","HH",154,204,59,25,34,3,1.5,16.66666667,26.59118066,"2",8.02,0
"352","10.6.1.2.12","1094","G2",3,"S","S","S","S","S","S",182,204,70,21,49,4,2.2,9.545454545,NA,"2",19.6,0
"353","10.6.2.2.12","1094","G2",6,"H","H",NA,NA,"N","H",185,204,69,32,37,5,2,16,NA,"2",4.01,1
"354","2.6.1.2.12","1094","G2",10,"H","H",NA,NA,"N","H",189,204,57,27,30,5,1,27,NA,"2",0,1
"355","6.4.1.2.13","1101","F1",7,"S","S","S","S","S","S",150,193,78,78,0,8,2,39,24.89461781,"2",6.41,0
"356","6.4.2.2.13","1101","F1",4,"H","H",NA,NA,"N","H",147,194,58,36,22,5,1,36,22.22738332,"2",6.22,1
"357","14.11.1.13","1101","D3",4,"S","S","S","S","S","S",111,195,95,41,54,5,2,20.5,25.03353383,"2",8.72,0
"358","14.4.1.13","1101","D3",10,"S","S","S","S","S","S",117,195,80,40,40,5,2,20,23.33335023,"2",6.81,0
"359","7.10.2.1.13","1101","B1",12,"S","S","S","S","S","S",47,197,41,23,18,13,2,11.5,27.02133926,"2",2.41,0
"360","9.3.3.1.13","1101","B2",9,"S","S","S","S","S","S",56,197,89,43,46,4,3,14.33333333,27.48137296,"2",5.75,0
"361","7.10.3.1.13","1101","B1",9,"H","N","N","N","N","H",44,198,104,62,42,2,2,31,32.90500897,"2",3.73,1
"362","9.3.2.1.13","1101","B2",12,"S","S","S","S","S","S",59,198,73,45,28,5,1.5,30,28.86455359,"2",12,0
"363","12.5.3.1.13","1101","D1",2,"H","S","S","S","S","H",85,198,85,39,46,3,2,19.5,26.01736389,"2",7.81,1
"364","12.7.1.13","1101","D1",8,"S","H","H","H","H","H",91,198,89,58,31,5,3,19.33333333,25.5116602,"2",5.54,1
"365","4.7.2.13","1101","E2",8,"H","H","H","H","H","HH",139,199,77,45,32,4,1.3,34.61538462,23.36559248,"2",7.98,0
"366","7.10.4.1.13","1101","B1",6,"H","S","S","S","S","H",41,200,105,47,58,6,1.5,31.33333333,26.48106414,"2",4.56,1
"367","9.3.4.1.13","1101","B2",6,"H","H","S","S","S","H",53,201,75,34,41,5,1.2,28.33333333,27.46893639,"2",5.38,1
"368","9.3.1.1.13","1101","B2",7,"S","S","S","S","S","S",54,201,54,22,32,7,2,11,24.95509817,"2",8.65,0
"369","7.10.1.1.13","1101","B1",11,"S","S","S","S","S","S",46,203,97,40,57,4,3,13.33333333,28.75271469,"2",11.2,0
"370","12.5.2.1.13","1101","D1",1,"H","H","H","H","H","HH",84,203,57,29,28,2,2,14.5,23.32911583,"2",4.13,0
"371","12.5.1.1.13","1101","D1",4,"S","S",NA,NA,"H","H",87,203,57,23,34,4,1,23,25.03994628,"2",11.1,1
"372","12.10.1.13","1101","D1",3,"S","S","S","S","S","S",86,204,79,45,34,4,1.6,28.125,26.84645896,"2",15,0
"373","13.11.1.1.13","1101","D2",2,"S","H","H","N","N","H",97,204,99,46,53,4,3.2,14.375,26.87503165,"2",8.56,2
"374","18.10.1.13","1101","E1",3,"H","H","H","H","H","HH",122,205,70,30,40,5,2,15,28.40438265,"2",3.66,0
"375","18.5.1.13","1101","E1",4,"S","H","H","H","H","H",123,206,59,48,11,8,2.5,19.2,25.70369775,"2",7.14,1
"376","12.4.2.13","1101","G1",6,"N","H","H","H","H","H",173,208,64,38,26,2,3,12.66666667,NA,"2",5.93,1
"377","12.3.2.13","1101","G1",9,"H","H",NA,NA,"N","H",176,208,57,29,28,5,2,14.5,NA,"2",2.33,1
"378","12.5.4.1.13","1101","D1",5,"N","N",NA,NA,"H","H",88,210,63,31,32,4,1.3,23.84615385,27.82910864,"2",18.4,1
"379","3.4.1.13","1101","A1",10,"H","H","H","H","H","HH",10,213,52,42,10,8,2,21,23.39476522,"2",12.9,0
"380","13.8.2.1.14","1110","D2",12,"S","S","S","S","S","S",107,197,68,39,29,3,2,19.5,25.31133538,"2",12.8,0
"381","15.7.1.14","1110","D3",1,"S","S","S","S","S","S",108,197,68,29,39,1,2.1,13.80952381,16.00568846,"2",9.04,0
"382","18.6.1.1.14","1110","E1",1,"S","S",NA,NA,"H","H",120,197,44,19,25,4,2,9.5,22.99653719,"2",9.02,1
"383","11.3.1.14","1110","C2",1,"H","H","H","H","H","HH",72,198,58,33,25,6,1.3,25.38461538,23.63501737,"2",5.82,0
"384","13.8.1.1.14","1110","D2",9,"H","H","H","H","H","HH",104,198,81,46,35,2,2,23,23.25515669,"2",15.1,0
"385","18.6.2.1.14","1110","D3",3,"S","S","S","S","S","S",110,198,56,23,33,3,1,23,23.99224902,"2",6.2,0
"386","7.7.1.14","1110","A3",10,"H","N","N","N","N","H",34,202,80,38,42,4,1,38,29.07833954,"2",2.38,1
"387","13.3.1.14","1110","D1",6,"H","H","H","H","H","HH",89,202,44,23,21,2,2,11.5,26.58846151,"2",4.09,0
"388","12.4.1.1.14","1110","D1",10,"N","N",NA,NA,"S","H",93,204,30,15,15,2,NA,NA,19.96851047,"2",5.19,1
"389","7.11.2.14","1110","F2",4,"S","S","S","S","S","S",159,204,84,33,51,4,1,33,26.02236149,"2",5.85,0
"390","12.4.2.1.14","1110","D1",7,"S","S","S","S","S","S",90,206,38,23,15,4,2.5,9.2,22.6087011,"2",6.09,0
"391","11.3.2.14","1110","G2",8,"H","H","H","H","H","HH",187,206,72,39,33,4,1.7,22.94117647,NA,"2",1.43,0
"392","4.3.1.14","1110","A1",3,"H","H","H","H","H","HH",3,207,64,23,41,3,1.5,15.33333333,23.29457993,"2",5.59,0
"393","12.3.1.15","1117","C2",5,"S","S","S","S","S","S",76,185,57,21,36,13,1.3,16.15384615,25.69447042,"2",1.93,0
"394","8.5.2.15","1117","F2",2,"H","H","H","H","H","HH",157,193,55,22,33,2,1.9,11.57894737,25.69973999,"2",5.56,0
"395","3.10.2.1.15","1117","A2",7,"S","S","S","S","S","S",19,194,67,27,40,5,1.5,18,20.91674078,"2",1.33,0
"396","11.11.2.15","1117","G1",12,"S","S","S","S","S","S",179,194,59,16,43,4,1,16,NA,"2",17.3,0
"397","19.3.1.15","1117","E1",9,"S","S","S","S","S","S",128,196,43,21,22,7,1.8,11.66666667,21.86266919,"2",7.5,0
"398","5.8.1.1.15","1117","A2",5,"S","S","S","S","S","S",17,197,69,35,34,6,3,11.66666667,27.52868065,"2",4.67,0
"399","5.8.2.1.15","1117","A2",8,"H","H","H","H","H","HH",20,197,51,34,17,6,NA,NA,22.18409645,"2",1.5,0
"400","9.11.1.1.15","1117","C1",8,"S","S","S","S","S","S",67,197,42,15,27,4,1.8,8.333333333,25.87645633,"2",6.71,0
"401","16.8.1.15","1117","D3",9,"S","S",NA,NA,"N","H",116,197,37,15,22,4,1,15,26.10877693,"2",9.05,1
"402","5.8.4.1.15","1117","A2",12,"N","N","N","N","N","N",24,200,61,24,37,6,1.5,16,30.42052529,"2",11.8,0
"403","5.11.2.1.15","1117","A3",6,"H","H","H","H","H","HH",30,200,64,38,26,7,1.5,25.33333333,29.56058209,"2",2.38,0
"404","8.10.1.1.15","1117","B2",1,"H","S","S","S","S","H",48,201,49,15,34,5,1,15,27.42976684,"2",7.74,1
"405","9.11.2.1.15","1117","C1",5,"H","S","S","S","S","H",64,201,80,32,48,4,2.2,14.54545455,25.25715,"2",11.7,1
"406","5.10.2.2.15","1117","E2",3,"H","H","H","H","H","HH",134,201,37,17,20,3,1,17,26.42156657,"2",8.79,0
"407","10.5.1.15","1117","C1",9,"H","H","H","H","H","HH",68,202,57,23,34,5,2,11.5,22.7381209,"2",11.4,0
"408","5.11.3.1.15","1117","A3",3,"H","H","H","H","H","HH",27,203,49,18,31,5,2,9,25.51824776,"2",3.31,0
"409","6.4.1.15","1117","A3",8,"N","H",NA,"N","S","H",32,203,53,26,27,5,1,26,28.14762064,"2",3.11,3
"410","8.10.2.1.15","1117","B2",4,"S","S","S","S","S","S",51,203,62,31,31,3,1.7,18.23529412,22.63299901,"2",7.88,0
"411","18.3.1.15","1117","E1",7,"H","H",NA,NA,"S","H",126,203,59,26,33,5,2.3,11.30434783,22.71150659,"2",8.11,1
"412","6.3.2.15","1117","F1",10,"S","S","S","S","S","S",153,203,52,26,26,4,2.5,10.4,22.07140357,"2",10.1,0
"413","5.11.1.1.15","1117","A3",9,"N","N",NA,NA,"S","H",33,204,37,16,21,4,1.7,9.411764706,23.15941253,"2",0,1
"414","12.9.1.15","1117","D2",3,"N","N","N","N","N","N",98,204,82,28,54,4,3,9.333333333,27.89510977,"2",9.16,0
"415","18.11.1.15","1117","E1",6,"S","S","S","S","S","S",125,204,54,21,33,4,1.7,12.35294118,26.73028527,"2",8.1,0
"416","5.10.1.2.15","1117","E2",6,"H","H",NA,NA,"S","H",137,204,53,26,27,4,1.5,17.33333333,22.91599164,"2",7.28,1
"417","12.5.2.15","1117","G1",3,"H","H",NA,NA,"S","H",170,204,69,32,37,3,2,16,NA,"2",7.87,1
"418","12.11.2.15","1117","G1",5,"S","S","S","S","S","S",172,204,62,17,45,4,2,8.5,NA,"2",5.26,0
"419","12.8.1.15","1117","D2",6,"S","H","H","H","H","H",101,205,57,35,22,3,2,17.5,22.36896341,"2",11.6,1
"420","16.3.1.2.15","1117","H1",1,"N","N","N","N","N","N",192,205,43,18,25,6,1.3,13.84615385,NA,"2",13,0
"421","17.7.1.15","1117","E1",11,"H","H","H","H","H","HH",130,206,58,32,26,7,2,16,25.58310049,"2",2.96,0
"422","3.3.2.15","1117","E2",1,"N","N",NA,NA,"H","H",132,210,48,27,21,5,2,13.5,23.66252822,"2",11.4,1
